1,1,0,What type of music is calming and conducive to relaxation?
1,1,0,Where is the best location to watch a sunset?
1,1,0,What hairstyle is suitable for a formal job interview?
1,1,0,What type of music is calming and conducive to relaxation?
1,1,0,What type of music is calming and conducive to relaxation?
1,1,0,Where is the best location to watch a sunset?
1,1,0,Where is the best location to watch a sunset?
1,1,0,What type of music is calming and conducive to relaxation?
1,1,0,What hairstyle is suitable for a formal job interview?
1,1,0,What hairstyle is suitable for a formal job interview?
1,1,0,What hairstyle is suitable for a formal job interview?
1,1,0,How can you motivate yourself to stay focused and productive while working from home?
1,1,0,Where is the best location to watch a sunset?
1,1,0,Where is the best location to watch a sunset?
1,1,0,How can you motivate yourself to stay focused and productive while working from home?
1,1,0,Where is the best location to watch a sunset?
1,1,0,What hairstyle is suitable for a formal job interview?
1,1,0,Where is the best location to watch a sunset?
1,1,0,How can you motivate yourself to stay focused and productive while working from home?
1,0,0,Where is the best location to watch a sunset?
1,0,0,Where is the best location to watch a sunset?
1,0,0,Where is the best location to watch a sunset?
1,0,0,How can you motivate yourself to stay focused and productive while working from home?
1,1,0,What hairstyle is suitable for a formal job interview?
1,0,0,Where is the best location to watch a sunset?
1,0,0,Where is the best location to watch a sunset?
1,1,0,When is the right time to start teaching children about financial responsibility?
1,1,0,What type of music is calming and conducive to relaxation?
1,1,0,When is the right time to start teaching children about financial responsibility?
1,1,0,What type of music is calming and conducive to relaxation?
1,1,0,Where is the best location to watch a sunset?
1,1,0,What hairstyle is suitable for a formal job interview?
1,1,0,What hairstyle is suitable for a formal job interview?
1,1,0,For a formal job interview, it's best to opt for a hairstyle that exudes professionalism and confidence. For women, a sleek ponytail, chignon, or low bun is appropriate, keeping hair away from the face to maintain a polished look. Men should consider a classic short haircut, ensuring it's well-groomed and styled to avoid any unkempt appearance. Facial hair, if any, should be trimmed and neat. It's important to avoid overly trendy or distracting hairstyles that may draw attention away from your qualifications.,5 - Extremely Accurate
